"show_id","type","title","director","cast","country","date_added","release_year","rating","duration","genres","language","description","popularity","vote_count","vote_average","budget","revenue"
"148284","Movie","Enthiran","Shankar","Rajinikanth, Aishwarya Rai Bachchan, Danny Denzongpa, Santhanam, Karunas","India","2010-10-01","2010","6.6","","Action, Science Fiction","ta","Dr. Vaseegaran creates Chitti, a powerful robot in his own image, but it is rejected by the scientific body AIRD due to its lack of human behaviour and emotions. After a lightning strike triggers emotions in Chitti, he begins to develop human-like feelings. However, Chitti falls in love with Dr. Vaseegaran's fiancée, Sana, and turns against his creator, leading to dangerous consequences.","11.482","222","6.6","26400000","62000000"
"54456","Movie","Raavanan","Mani Ratnam","Vikram, Aishwarya Rai Bachchan, Prithviraj Sukumaran, Karthik Muthuraman, Prabhu","India","2010-06-18","2010","7.0","","Action, Adventure, Crime","ta","After inspector Dev stirs the reign of Veeraiya, a tribal outlaw, the latter responds by kidnapping his wife, Ragini. While she tries to escape from him, Dev fights many resistances to find her.","7.026","43","7.0","5200000","9700000"
"63414","Movie","Darling","A. Karunakaran","Prabhas, Kajal Agarwal, Prabhu, Tulasi, Ahuti Prasad","India","2010-04-23","2010","6.3","","Drama, Romance","te","Prabha prepares to meet Nandini, his childhood friend, at a reunion party organised by his father. However, things take a turn when Nisha, a gangster's daughter, falls in love with him.","6.877","28","6.3","0","0"
"62756","Movie","Singam","Hari","Suriya, Anushka Shetty, Prakash Raj, Nassar, Vivek","India","2010-05-28","2010","6.701","","Action, Comedy, Crime","ta","The story, set in the backdrop of Nallore, a small town in Thoothukudi District, revolves around Sub-Inspector Durai Singam, a brave and just policeman who serves in his hometown primarily to fulfill his father’s wish. Durai Singam settles every dispute in his town patiently with his words of wisdom and resorts to force only when the situation demands it. Kavya, a city girl who comes on vacation to Nallore, falls in love with Durai Singam. Erimalai, Durai Singam's bumbling colleague and friend, often accompanies him.","5.967","67","6.701","2200000","9700000"
"69597","Movie","Aayirathil Oruvan","Selvaraghavan","Karthi, R. Parthiban, Reema Sen, Andrea Jeremiah, Prathap Pothan","India","2010-01-14","2010","6.552","","Action, Adventure","ta","Anitha, a government official, embarks on a journey to find Chandramouli, an archaeologist, who went to Vietnam to search for any existence of the prince of the Chola dynasty.","5.686","48","6.552","7500000","20000000"
"37941","Movie","Vinnaithaandi Varuvaayaa","Gautham Vasudev Menon","Silambarasan, Trisha Krishnan, VTV Ganesh, Babu Antony, Lakshmi Ramakrishnan","India","2010-02-26","2010","7.6","","Drama, Romance","ta","A young, aspiring filmmaker falls in love with a girl who moves into the house above his, but her sophisticated nature does more harm than good to him.","4.676","56","7.6","3000000","12000000"
"63430","Movie","Ye Maaya Chesave","Gautham Vasudev Menon","Naga Chaitanya Akkineni, Samantha Ruth Prabhu, Krishnudu, Sapan Saran, Sanjay Swaroop","India","2010-02-26","2010","6.8","","Romance, Drama","te","An aspiring Hindu director falls in love with a Christian girl whose parents disapprove of their impending relationship.","4.629","20","6.8","1700000","2800000"
"83154","Movie","Nagavalli","P. Vasu","Venkatesh, Richa Gangopadhyay, Anushka Shetty, Poonam Kaur, Kamalinee Mukherjee","India","2010-12-16","2010","5.8","","Action, Fantasy, Thriller, Drama","te","After a family member receives a Nagavalli/Chandramukhi's portrait as a prize in the Nagavalli Dance competition, various characters start having abnormal experiences. In order to save themselves and unfold the mystery, the family looks to Ramachandra Acharya and Dr. Vijay.","4.451","11","5.8","0","0"
"63448","Movie","Siruthai","Siva","Karthi, Tamannaah Bhatia, Santhanam, Bhumika Chawla, Manobala","India","2011-01-14","2011","5.8","","Action, Comedy, Drama, Thriller","ta","A thief comes across a little girl who says that he's her father. When he learns the truth about his lookalike, who's an honest cop, he decides to turn a new leaf and help get rid of the local baddie.","9.015","26","5.8","0","6660000"
"200297","Movie","Rajanna","Vijayendra Prasad","Annie, Nagarjuna Akkineni, Sneha, Nassar, Shweta Menon","India","2011-11-12","2011","4.0","","Drama","te","The film is set in the Nelakondapalli village of khammam district in Nizam Princely State of Hyderabad of the late 1940s. The feudal society is under the vice-like grip of an aristocratic family and its head, a Dorasani (Shwetha Menon). Mallamma (Baby Annie) is the darling of the village, who is living in perpetual humiliation. They seek solace in her songs. Brought up by Sambayya, an old man, she develops a mysterious attachment to a basil tree which is regarded as holy by the entire village.","6.964","2","4.0","0","0"
"63964","Movie","Deiva Thirumagal","A. L. Vijay","Vikram, Sara Arjun, Anushka Shetty, Nassar, Amala Paul","India","2011-06-03","2011","7.345","","Drama, Family","ta","An intellectually disabled man fights for custody of his 7-year-old daughter, and in the process teaches his opponent lawyer the value of love and family.","6.252","29","7.345","0","0"
"75064","Movie","Kanchana","Raghava Lawrence","Raghava Lawrence, R. Sarathkumar, Kovai Sarala, Devadarshini, Sriman","India","2011-07-22","2011","5.5","","Horror, Comedy","ta","Raghava (Lawrence) is a happy go lucky guy who loves to play cricket but is a chicken at heart. The very mention of the word ghost gives him shivers so much that he sleeps with his mom (Kovai Sarala). He is also in love with Priya (Lakshmi Rai). However, an attempt to play a cricket match in an unused ground leads Raghava to get something dark to his home. The dark spirit begins to cause few weird things at home and one day it enters the body of Raghava which goes on killing few specific people. Who is that evil spirit? Why is it killing few people? Can Raghava get rid of the spirit? All this forms the rest of the story.","6.204","26","5.5","0","0"
"76788","Movie","Mankatha","Venkat Prabhu","Ajith Kumar, Arjun Sarja, Vaibhav, Ashwin Kakumanu, Premji Amaran","India","2011-08-31","2011","6.7","","Action, Thriller","ta","Vinayak, a suspended cop, helps a group of four men rob cricket betting money amounting to 500 crores INR. When it comes to splitting the amount, betrayal hits the team hard and a chase ensues.","5.815","68","6.7","6100000","28000000"
"115432","Movie","Urumi","Santosh Sivan","Prithviraj Sukumaran, Prabhu Deva, Genelia D'Souza, Vidya Balan, Nithya Menen","India","2011-03-31","2011","6.922","","War, Action","ml","Kelu is a warrior in 16th century Kerala whose father was killed by Vasco da Gama and his troops. Kelu vows to avenge his father's death with the assistance of Vavvali and Ayesha, a warrior princess.","5.299","32","6.922","2998545","0"
"80276","Movie","Dookudu","Sreenu Vaitla","Mahesh Babu, Samantha Ruth Prabhu, Sonu Sood, Prakash Raj, Brahmanandam","India","2011-09-23","2011","6.6","","Action, Drama, Comedy","te","A young policeman hunts down the men who caused the accident that put his politician father into a coma.","5.176","41","6.6","0","12154107"
"120150","Movie","Thattathin Marayathu","Vineeth Sreenivasan","Nivin Pauly, Isha Talwar, Aju Varghese, Sreenivasan, Manoj K Jayan","India","2012-07-06","2012","7.1","","Romance","ml","The film is about a Hindu Nair boy, Vinod, and a Muslim girl, Aisha, and the conflict arising out of this inter-faith relationship.","10.067","36","7.1","0","0"
"143010","Movie","Thuppakki","A.R. Murugadoss","Vijay, Kajal Agarwal, Vidyut Jammwal, Sathyan Sivakumar, Jayaram","India","2012-11-13","2012","7.2","","Action, Thriller","ta","An army captain on holiday embarks on a mission to track down and destroy a terrorist gang and deactivate the sleeper cells under its command.","10.034","100","7.2","11000000","23000000"
"148265","Movie","Eega","S. S. Rajamouli","Sudeep, Samantha Ruth Prabhu, Nani, Adithya Menon, Thagubothu Ramesh","India","2012-07-05","2012","7.1","","Fantasy, Action","te","Nani is a flower decorator, madly in love with his neighbor Bindhu. He gets killed by the baddie, Sudeep, a powerful businessman. Nani comes back as a housefly to get his revenge.","9.981","208","7.1","5990000","19450000"
"117751","Movie","Ustad Hotel","Anwar Rasheed","Dulquer Salmaan, Thilakan, Nithya Menen, Siddique, Mamukkoya","India","2012-06-29","2012","7.5","","Drama, Comedy","ml","When his father refuses to support his choice of a career, an aspiring chef tries to fulfil his dream by helping his grandfather run his small eatery.","7.879","94","7.5","0","0"
"69537","Movie","Nanban","Shankar","Vijay, Jiiva, Srikanth, Ileana D'Cruz, Sathyaraj","India","2012-01-13","2012","7.045","","Comedy, Drama","ta","The plot of the film illustrates the embankment of two friends on a quest for a lost buddy, who was once an optimistic and successful student. On their journey, they recount their college life and special moments that the three shared up until their lost friend secretly parted ways after convocation. During their quest, the two encounter a rival classmate who once made a long forgotten bet with them, a funeral that goes impossibly out of control, and a wedding they must crash.","5.608","56","7.045","8200000","0"
"79660","Movie","3","Aishwarya Rajinikanth","Dhanush, Shruti Haasan, Sivakarthikeyan, Prabhu, Sunder Ramu","India","2012-03-30","2012","6.6","","Drama, Romance","ta","Ram and Janani are high school sweethearts who eventually get married. However, Janani is mystified when Ram commits suicide all of a sudden and she tries to find out the truth behind his death.","5.401","56","6.6","3231492","0"
"116185","Movie","Billa II","Chakri Toleti","Ajith Kumar, Vidyut Jammwal, Sudhanshu Pandey, Yog Jappie, Manoj K Jayan","India","2012-07-13","2012","6.0","","Action, Crime","ta","Small-time diamond smuggler David befriends Goa-based gangster Abbasi. But when David begins to build inroads with an international gangster, Abbasi is not happy, and soon the two turn into bitter rivals.","5.19","37","6.0","0","0"
"244049","Movie","Drishyam","Jeethu Joseph","Mohanlal, Meena, Asha Sarath, Kalabhavan Shajon, Ansiba Hassan","India","2013-12-19","2013","7.61","","Thriller, Crime, Drama, Family","ml","Georgekutty lives a happy life with his wife and daughters. Things take a turn when his daughter gets indecently filmed using a hidden camera, by the son of a police inspector.","11.195","200","7.61","750000","12000000"
"117319","Movie","Vishwaroopam","Kamal Haasan","Kamal Haasan, Rahul Bose, Andrea Jeremiah, Pooja Kumar, Shekhar Kapur","India","2013-01-25","2013","6.3","","Action, Thriller","ta","Vishwanathan, a Kathak dance teacher in New York, is happy in his marriage with Nirupama, a nuclear oncologist who married him to pursue higher studies in the USA. Deciding to cut ties with her husband, Nirupama hires a private detective to monitor his activities. To her utter shock, certain truths about her husband are subsequently revealed, setting off a chain of events that will change both of their lives irreversibly.","9.513","94","6.3","17000000","51000000"
"209419","Movie","Neelakasham Pachakadal Chuvanna Bhoomi","Sameer Thahir","Dulquer Salmaan, Sunny Wayne, Bala Hijam, Ena Saha, Dhritiman Chatterjee","India","2013-08-09","2013","7.0","","Adventure, Thriller, Romance","ml","Kasi and Suni are close friends who studied together in an engineering college. Assi, who comes to Kerala to study engineering under the North East quota falls in love with Kasi. Certain incidents that follow set Kasi and Suni on a road trip to Nagaland on two motorcycles. The incidents that happen during this road adventure forms the film.","8.059","47","7.0","0","0"
"193197","Movie","Seethamma Vakitlo Sirimalle Chettu","Srikanth Addala","Venkatesh, Mahesh Babu, Prakash Raj, Anjali, Samantha Ruth Prabhu","India","2013-01-11","2013","6.4","","Family, Drama","te","Seethamma Vakitlo Sirimalle Chettu revolves around a lovable family headed by Relangi . He has two sons- Vijay ""Peddodu"" and Ajay ""Chinnodu"". The unemployment of his children and the ridicule heaped on the family by relatives puts some strain on the relationships. What does he do in these circumstances is the rest of the story.","7.565","28","6.4","0","10349042"
"191735","Movie","Singam 2","Hari","Suriya, Anushka Shetty, Hansika Motwani, Vivek, Santhanam","India","2013-07-05","2013","5.7","","Action, Comedy, Crime","ta","Picking up the storyline from where Singam ended, Duraisingam has gone undercover after meeting the Home Minister and is working as an NCC officer in a school in Thoothukudi. The only people who know about this operation are the Chief Minister and Home Minister apart from himself.","6.313","52","5.7","7700000","0"
"263475","Movie","Kaththi","A.R. Murugadoss","Vijay, Samantha Ruth Prabhu, Sathish, Neil Nitin Mukesh, Tota Roy Chowdhury","India","2014-10-22","2014","7.052","","Action, Drama","ta","Kathiresan aka Kaththi, a criminal, escapes from the Kolkata prison and comes to Chennai, where he comes across his doppelganger Jeevanandham, fighting for his life after being shot at by unknown men. Kathir decides to pass off as Jeeva and make away with a lump sum amount but once he realizes who Jeeva really is, Kathir turns a crusader.","14.78","97","7.052","1600000","0"
"268660","Movie","Bangalore Days","Anjali Menon","Nazriya Nazim Fahadh, Nivin Pauly, Dulquer Salmaan, Fahadh Faasil, Parvathy Thiruvothu","India","2014-05-30","2014","7.5","","Drama, Family, Romance","ml","A fun roller coaster ride about three young people, Aju, Divya and Kuttan who are cousins, reach Bangalore to dream, discover & explore!","8.046","119","7.5","7400000","1300000"
"249772","Movie","1: Nenokkadine","Sukumar","Mahesh Babu, Kriti Sanon, Nassar, Anu Hasan, Kelly Dorji","India","2014-01-10","2014","6.5","","Action, Thriller, Romance","te","A schizophrenic rock musician, is convinced that his parents were murdered by three men. Taking the support of a journalist, he sets out to find the culprits. Will he succeed in his mission, and in the process, what will he learn about his own roots?","6.532","81","6.5","0","6019000"
"253533","Movie","Manam","Vikram Kumar","Nagarjuna Akkineni, Nageshwara Rao Akkineni, Naga Chaitanya Akkineni, Shriya Saran, Samantha Ruth Prabhu","India","2014-05-23","2014","7.0","","Comedy, Drama, Fantasy, Family","te","A married couple die in an accident, leaving behind a son. As he grows up and becomes successful, he comes across reincarnations of his father and mother as youngsters, and vows to bring them back together.","6.422","51","7.0","0","0"
"246087","Movie","Jilla","Nesan","Mohanlal, Vijay, Sampath Raj, Kajal Agarwal, Mahat Raghavendra","India","2014-01-10","2014","5.766","","Action","ta","A cop decides to take on his godfather, who raised him from childhood, and make him realize the error of his ways.","6.3","62","5.766","8000000","18000000"
"270766","Movie","Jigarthanda","Karthik Subbaraj","Siddharth, Bobby Simha, Karunakaran, Ramachandran Durairaj, Guru Somasundaram","India","2014-08-01","2014","7.4","","Music, Crime, Comedy, Thriller","ta","A budding director endeavors to research a merciless gangster for making a film on gangsterism. But his secret attempts to conduct the research fail when he gets caught for snooping.","6.099","64","7.4","1600000","0"
"256040","Movie","Bāhubali: The Beginning","S. S. Rajamouli","Prabhas, Rana Daggubati, Tamannaah Bhatia, Anushka Shetty, Ramya Krishnan","India","2015-07-10","2015","7.523","","Action, Adventure, Fantasy, Drama","te","The young Shivudu is left as a foundling in a small village by his mother. By the time he’s grown up, it has become apparent that he possesses exceptional gifts. He meets the beautiful warrior princess Avanthika and learns that her queen has been held captive for the last 25 years. Shividu sets off to rescue her, discovering his own origins in the process.","30.553","824","7.523","25130430","90747520"
"341895","Movie","Premam","Alphonse Puthren","Nivin Pauly, Madonna Sebastian, Sai Pallavi, Anupama Parameswaran, Shabareesh Varma","India","2015-05-29","2015","7.5","","Comedy, Romance","ml","Three stages in George's life, and three girls he encounters in each stage.","10.764","102","7.5","620000","1100000"
"263471","Movie","I","Shankar","Vikram, Amy Jackson, Suresh Gopi, Upen Patel, Ramkumar Ganesan","India","2015-01-04","2015","6.8","","Thriller, Action, Romance","ta","A deformed hunchback kidnaps a bride and holds her hostage while his connection to her and his targets is revealed in a series of flashbacks that unfold as he starts seeking revenge.","9.664","113","6.8","0","0"
"371676","Movie","Loafer","Puri Jagannadh","Varun Tej, Disha Patani, Revathi, Posani Krishna Murali, Mukesh Rishi","India","2015-12-18","2015","6.0","","Drama, Family, Action, Romance","te","Raja, who thinks his mother is dead, turns into a thief. However, his life changes when he falls for Mounika, a girl who is escaping a forced marriage, and eventually meets her aunt.","8.443","6","6.0","0","0"
"341420","Movie","Demonte Colony","R. Ajay Gnanamuthu","Arulnithi, Ramesh Thilak, Sananth, Abhishek Joseph, Antti Jääskeläinen","India","2015-05-22","2015","7.2","","Horror","ta","Four friends go into a haunted mansion on a whim but they do not realize that they have returned home with an evil spirit, from which escape might be impossible.","6.486","24","7.2","240000","2000000"
"402696","Movie","Appa","Samuthirakani","Samuthirakani, Thambi Ramaiah, Namo Narayanan, Vinodhini Vaidyanathan, J Vignesh","India","2016-07-01","2016","7.5","","Drama","ta","A do-gooder who views everything in a different perspective, inspires others by being a doting father, and tries to bring in a few changes in the society.","14.309","12","7.5","0","0"
"382663","Movie","Pavada","G. Marthandan","Prithviraj Sukumaran, Anoop Menon, Asha Sarath, Miya George, Maniyanpilla Raju","India","2016-01-15","2016","5.8","","Comedy, Drama","ml","Joy a young man who leads a carefree life. Joy acquaintance Babu Joseph, an English professor, and they reminiscence some seemingly forgotten memories.","11.018","17","5.8","0","240000"
"370076","Movie","Theri","Atlee","Vijay, Samantha Ruth Prabhu, Amy Jackson, Prabhu, Radikaa Sarathkumar","India","2016-04-14","2016","6.714","","Action, Crime, Thriller","ta","When an honest cop, Vijay Kumar's family is ruthlessly slaughtered by a politician and his aides, he decides to change his identity and commits his life to bring his daughter up in a serene atmosphere. But some freak events end up compromising his identity and what he does to save his daughter and avenge the death of his family unfurls as Theri.","9.43","91","6.714","0","26000000"
"405924","Movie","Janatha Garage","Koratala Siva","N.T. Rama Rao Jr., Mohanlal, Unni Mukundan, Samantha Ruth Prabhu, Nithya Menen","India","2016-09-01","2016","7.3","","Action, Drama","te","Anand is an environmental activist who lives in Mumbai. A chance exchange programme takes him to Hyderabad and here, a chance encounter with Satyam results in him taking over the Janatha Garage from the latter.","7.296","40","7.3","7000000","21000000"
"414523","Movie","Dhuruvangal Pathinaaru","Karthick Naren","Rahman, Ashwin Kumar, Pradeep, Santosh Krishna, Praveen","India","2016-12-29","2016","7.9","","Thriller, Action, Crime, Mystery","ta","A former cop looks back on the case which left him disabled and forced him to quit the force.","6.595","85","7.9","0","0"
"366080","Movie","Kabali","Pa. Ranjith","Rajinikanth, Radhika Apte, Sai Dhanshika, Winston Chao, Kishore","India","2016-07-22","2016","6.0","","Action, Crime, Drama","ta","A gangster in Malaysia goes in search of his family after 25 years of imprisonment.","6.465","81","6.0","18700000","74000000"
"350312","Movie","Bāhubali 2: The Conclusion","S. S. Rajamouli","Prabhas, Rana Daggubati, Anushka Shetty, Sathyaraj, Nassar","India","2017-04-27","2017","7.4","","Action, Adventure, Fantasy","te","When Mahendra, the son of Bāhubali, learns about his heritage, he begins to look for answers. His story is juxtaposed with past events that unfolded in the Mahishmati Kingdom.","21.742","749","7.4","31000000","280700000"
"456287","Movie","Mersal","Atlee","Vijay, S. J. Suryah, Samantha Ruth Prabhu, Nithya Menen, Kajal Agarwal","India","2017-10-18","2017","7.2","","Thriller, Action, Crime","ta","A few individuals in the medical profession are murdered or kidnapped, and the cop investigating the case suspects a doctor and arrests him. But is he the one who is behind these crimes? And why are they being committed?","11.653","111","7.2","0","0"
"432139","Movie","Vikram Vedha","Pushkar, Gayathri","R. Madhavan, Vijay Sethupathi, Shraddha Srinath, Kathir, Varalaxmi Sarathkumar","India","2017-07-21","2017","7.3","","Action, Thriller, Crime, Adventure","ta","A notorious gangster Vedha surrenders himself to encounter specialist Vikram whom he challenges every step of the way by narrating his life events in the form of riddles that needs to be solved in order to capture him.","8.822","195","7.3","0","0"
"473234","Movie","Arjun Reddy","Sandeep Reddy Vanga","Vijay Deverakonda, Shalini Pandey, Rahul Ramakrishna, Kamal Kamaraju, Kanchana","India","2017-08-25","2017","7.2","","Drama, Romance","te","When his girlfriend is forced to marry another man, a troubled young surgeon begins to self-destruct.","7.49","101","7.2","780000","8000000"
"442405","Movie","The Ghazi Attack","Sankalp Reddy","Kay Kay Menon, Rana Daggubati, Atul Kulkarni, Taapsee Pannu, Amitabh Bachchan","India","2017-02-17","2017","7.0","","Action, War, Thriller, History","te","India’s first underwater war film tries to decode the mystery behind the sinking of Pakistani submarine PNS Ghazi during the Indo-Pak war of 1971.","7.028","89","7.0","1900000","4300000"
"452447","Movie","Spyder","A.R. Murugadoss","Mahesh Babu, Rakul Preet Singh, S. J. Suryah, Bharath Srinivasan, RJ Balaji","India","2017-09-27","2017","5.4","","Action, Thriller","ta","A surveillance expert who wants to help people comes across a foe who is the very definition of evil. Can he stop the man before he destroys everything?","6.924","58","5.4","0","27053505"
"540468","Movie","Geetha Govindam","Parasuram Petla","Vijay Deverakonda, Rashmika Mandanna, Vennela Kishore, Subbaraju, Rahul Ramakrishna","India","2018-08-15","2018","6.8","","Romance","te","Vijay Govind, a young college lecturer who dreams of marriage falls for Geetha, a level-headed woman who's wary of strangers and isn't easy to convince. While things seem to go smoothly, Vijay makes a terrible mistake which not only derails any hope for his love story, but also potential repercussions with his family.","19.677","70","6.8","0","0"
"564147","Movie","K.G.F: Chapter 1","Prashanth Neel","Yash, Srinidhi Shetty, Ramachandra Raju, Archana Jois, Anant Nag","India","2018-12-20","2018","7.392","","Action, Thriller, Adventure, Crime","kn","A period drama set in the 1970s, KGF follows the story of a fierce rebel who rises against the brutal oppression in Kolar Gold Fields and becomes the symbol of hope to legions of downtrodden people.","17.209","227","7.392","0","0"
"412862","Movie","Ratsasan","Ram Kumar","Vishnu Vishal, Amala Paul, Suzane George, Kaali Venkat, Radha Ravi","India","2018-10-05","2018","7.401","","Thriller, Crime, Mystery","ta","A serial killer is murdering school girls, and a newbie cop has to track him down before the victim count increases.","11.031","156","7.401","0","0"
"504231","Movie","Sarkar","A.R. Murugadoss","Vijay, Keerthy Suresh, Varalaxmi Sarathkumar, Prem, Yogi Babu","India","2018-11-06","2018","5.796","","Action, Drama","ta","NRI corporate Sundar Ramasamy comes to India to vote, only to learn that his vote has already been cast. While he reclaims his right legally, it also sets in motion a chain of events that eventually lead to him entering the political fray, trying to change the system.","9.903","71","5.796","0","0"
"441717","Movie","96","C. Prem Kumar","Vijay Sethupathi, Trisha Krishnan, Aditya Baskar, Gouri G Kishan, Devadarshini","India","2018-10-04","2018","7.5","","Romance","ta","Ram is a photographer and nature lover who travels all around India capturing moments. On a chance visit to his hometown Tanjavur, he goes into his school and begins to walk down memory lane to 1994 when he was a student harboring feelings for his classmate Janu.","8.574","118","7.5","0","0"
"373449","Movie","2.0","Shankar","Rajinikanth, Akshay Kumar, Amy Jackson, Sudhanshu Pandey, Adil Hussain","India","2018-11-29","2018","5.9","","Action, Science Fiction, Fantasy","ta","An ornithologist who commits suicide returns as fifth force to wreack vengeance on mankind for harming birds with mobile phone radiation. The only thing that is standing in his way is 2.0, the upgraded version of Chitti, the robot.","8.222","155","5.9","77000000","114629169"
"410331","Movie","Vada Chennai","Vetrimaaran","Dhanush, Andrea Jeremiah, Samuthirakani, Daniel Balaji, Kishore","India","2018-10-17","2018","7.8","","Action, Crime, Drama","ta","A young carrom player in North Chennai becomes a reluctant participant in a war between two feuding gangsters.","7.388","93","7.8","0","0"
"459713","Movie","Mahanati","Nag Ashwin","Keerthy Suresh, Dulquer Salmaan, Samantha Ruth Prabhu, Vijay Deverakonda, Prakash Raj","India","2018-05-09","2018","7.6","","Drama","te","Mahanati depicts the life and career of one of Telugu cinema's greatest and most iconic starlets, the first Indian female super star, Savitri.","6.999","47","7.6","4346100","11589600"
"534530","Movie","Aravindha Sametha","Trivikram Srinivas","N.T. Rama Rao Jr., Pooja Hegde, Jagapati Babu, Naveen Chandra, Eesha Rebba","India","2018-10-11","2018","7.2","","Action, Drama","te","A young scion of a powerful family with a long history of violence decides to put an end to the bloodshed which leads him to a path of self discovery.","6.919","29","7.2","0","0"
"454292","Movie","Saaho","Sujeeth","Prabhas, Shraddha Kapoor, Neil Nitin Mukesh, Chunky Pandey, Mandira Bedi","India","2019-08-29","2019","5.9","","Action, Adventure, Thriller","te","A battle for power ensues as warring gangters thrive to gain possession of a ""black box"" that can make them richer than they already are, and an undercover cop intervenes with the help of his sharp intellect and an instinct to kill.","11.777","96","5.9","51000000","55000000"
"587030","Movie","Kaithi","Lokesh Kanagaraj","Karthi, Narain, Arjun Das, Harish Uthaman, George Mariyan","India","2019-10-25","2019","7.5","","Action, Thriller, Crime","ta","Dilli, a convicted criminal, is out on parole to meet his daughter. However, a drug bust sets him off on a mission to save the life of police officers.","9.705","116","7.5","0","0"
"564701","Movie","Lucifer","Prithviraj Sukumaran","Mohanlal, Vivek Oberoi, Manju Warrier, Tovino Thomas, Indrajith Sukumaran","India","2019-03-28","2019","7.1","","Action, Drama, Thriller","ml","In God's own country, the supreme leader of the ruling party dies, leaving a huge vacuum, not only in the electoral and leadership sphere of the party but also that of the state. In the inevitable succession squabble and the power struggle that ensues, the thin line that separates good and bad becomes irrecoverably blurred and out of this seemingly endless mayhem, emerge forces that are hitherto unheard of.","9.014","58","7.1","0","28717000"
"534993","Movie","Petta","Karthik Subbaraj","Rajinikanth, Nawazuddin Siddiqui, Vijay Sethupathi, Sananth, M. Sasikumar","India","2019-01-10","2019","7.1","","Drama, Action","ta","A hostel warden becomes the target of a dreaded politician and his gangster son, but little do they realise that it is they who should fear him.","7.891","81","7.1","0","0"
"563309","Movie","Bigil","Atlee","Vijay, Nayanthara, Jackie Shroff, Kathir, Vivek","India","2019-10-17","2019","6.462","","Action, Family, Drama","ta","A do-gooder don wants his footballer son to uplift the life of his people by becoming a champion, but fate draws the youngster into a life of violence. Will he be able to fulfill his father’s dream when an opportunity comes his way seven years later?","7.291","66","6.462","0","0"
"628241","Movie","Ala Vaikunthapurramuloo","Trivikram Srinivas","Allu Arjun, Pooja Hegde, Murali Sharma, Jayaram, Sushanth","India","2020-01-12","2020","6.7","","Action, Comedy, Drama","te","Fate plays a vital role in connecting the life of Bantu, a son who seeks validation from his cold-hearted father with the life of Raj, whose millionaire father wishes that he was more assertive.","10.802","88","6.7","14000000","28859072"
"683342","Movie","V","Mohana Krishna Indraganti","Nani, Sudheer Babu, Nivetha Thomas, Aditi Rao Hydari, Vennela Kishore","India","2020-09-05","2020","6.8","","Action, Crime, Thriller","te","DCP Aditya, a celebrated cop, faces his most unsettling case yet involving a mysterious serial killer who has been brutally killing his targets and leaving behind notes challenging Aditya to nab him. Teaming with Apoorva, an aspiring crime novelist, and the police force, Aditya finds himself walking on thin ice upon discovering the killer has another challenge for him: to prevent four more murders from happening or give up his medals and resign. What he is yet to find out is the killer's past and his desperation to carry out the killing spree without fail.","8.349","111","6.8","0","0"
"595228","Movie","Soorarai Pottru","Sudha Kongara Prasad","Suriya, Aparna Balamurali, Paresh Rawal, Mohan Babu, Urvashi","India","2020-11-12","2020","7.7","","Drama, Action","ta","Nedumaaran Rajangam ""Maara"" sets out to make the common man fly and in the process takes on the world's most capital intensive industry and several enemies who stand in his way.","8.319","91","7.7","0","0"
"594139","Movie","Darbar","A.R. Murugadoss","Rajinikanth, Nayanthara, Suniel Shetty, Nivetha Thomas, Yogi Babu","India","2020-01-08","2020","6.1","","Action, Drama, Thriller","ta","Aaditya, the commissioner of Mumbai Police, sets out to catch Ajay, a drug peddler. However, he uncovers a deeper controversy linked to an international drug lord and must mete out justice.","6.121","49","6.1","0","0"
"690957","Movie","Pushpa: The Rise - Part 1","Sukumar","Allu Arjun, Rashmika Mandanna, Jagadeesh Bandari, Sunil Varma, Anasuya Bharadwaj","India","2021-12-16","2021","7.1","","Action, Drama, Thriller","te","Pushpa Raj is a coolie who rises in the world of red sandalwood smuggling. Along the way, he doesn’t shy from making an enemy or two.","31.301","143","7.1","0","44880143"
"706872","Movie","Drishyam 2","Jeethu Joseph","Mohanlal, Meena, Murali Gopy, Asha Sarath, Siddique","India","2021-02-19","2021","7.6","","Thriller, Crime, Drama","ml","7 years after the events of Drishyam, the family lives with the trauma from that fateful night. A gripping tale of an investigation and a family threatened by it. Will Georgekutty be able to protect his family this time?","12.914","114","7.6","0","0"
"921711","Movie","Tamil Rockers","Barani Jayapal","Premji Amaran, Meenakshi Dixit, VTV Ganesh, S.P.B. Charan, Devadarshini","India","2021-12-31","2021","4.0","","Comedy, Thriller","ta","4 Major characters running for the Money facing more challenges by forgetting the fact that it's not the decision of money to reach human.","10.912","2","4.0","0","0"
"855400","Movie","Jai Bhim","T. J. Gnanavel","Suriya, Lijomol Jose, Baby Joshika Maya, Manikandan, Rajisha Vijayan","India","2021-11-02","2021","7.4","","Crime, Drama, Mystery","ta","A pregnant woman from a primitive tribal community, searches desperately for her husband, who is missing from police custody. So as to find her husband and seek justice for them, as their voice, a High Court advocate rises in support. Will their battle for justice succeed?","9.682","169","7.4","0","0"
"626392","Movie","Master","Lokesh Kanagaraj","Vijay, Vijay Sethupathi, Arjun Das, Malavika Mohanan, Andrea Jeremiah","India","2021-01-13","2021","6.784","","Action, Thriller, Crime, Adventure","ta","An alcoholic professor is sent to a juvenile school, where he clashes with a gangster, who uses the children of the school for criminal activities.","9.356","95","6.784","0","0"
"657644","Movie","Minnal Murali","Basil Joseph","Tovino Thomas, Guru Somasundaram, Aju Varghese, Vasisht Umesh, Shelly Kishore","India","2021-12-16","2021","7.1","","Action, Comedy, Fantasy","ml","A tailor gains special powers after being struck by lightning but must take down an unexpected foe if he is to become the superhero his hometown in Kerala needs.","8.758","310","7.1","2111711","0"
"680652","Movie","Karnan","Mari Selvaraj","Dhanush, Rajisha Vijayan, Natarajan Subramaniam, Lal, Yogi Babu","India","2021-04-09","2021","7.3","","Drama, Action","ta","Karnan, an angry young man, fights for the rights of his oppressed people. Can he save them from those who wield power and weapons?","7.404","56","7.3","0","0"
"579974","Movie","RRR","S. S. Rajamouli","N.T. Rama Rao Jr., Ram Charan, Olivia Morris, Ray Stevenson, Alison Doody","India","2022-03-24","2022","7.747","","Action, Adventure, Drama","te","A fictional history of two legendary revolutionaries' journey away from home before they began fighting for their country in the 1920s.","40.317","1358","7.747","69000000","160000000"
"587412","Movie","K.G.F: Chapter 2","Prashanth Neel","Yash, Sanjay Dutt, Raveena Tandon, Srinidhi Shetty, Archana Jois","India","2022-04-14","2022","7.403","","Action, Thriller, Adventure, Crime","kn","The blood-soaked land of Kolar Gold Fields (KGF) has a new overlord now - Rocky, whose name strikes fear in the heart of his foes. His allies look up to Rocky as their Savior, the government sees him as a threat to law and order; enemies are clamoring for revenge and conspiring for his downfall. Bloodier battles and darker days await as Rocky continues on his quest for unchallenged supremacy.","28.072","159","7.403","13000000","90410749"
"743563","Movie","Vikram","Lokesh Kanagaraj","Kamal Haasan, Fahadh Faasil, Vijay Sethupathi, Narain, Chemban Vinod Jose","India","2022-06-02","2022","7.7","","Action, Crime, Thriller","ta","Amar is assigned to investigate a case of serial killings. When Amar investigates the case, he realizes it is not what it seems to be and following down this path will lead to nothing but war between everyone involved.","13.37","123","7.7","15354648","54172014"
"679919","Movie","Acharya","Koratala Siva","Chiranjeevi, Ram Charan, Sonu Sood, Jisshu Sengupta, Ajay","India","2022-04-29","2022","4.2","","Action, Drama","te","Acharya, a middle-aged Naxalite-turned-social reformer, launches a fight against the Endowments Department over misappropriation and embezzlement of temple funds and donations.","13.111","18","4.2","18000000","0"
"660046","Movie","Ponniyin Selvan: Part I","Mani Ratnam","Vikram, Aishwarya Rai Bachchan, Ravi Mohan, Karthi, Trisha Krishnan","India","2022-09-30","2022","7.1","","Action, Adventure, History","ta","The Chola kingdom is under threat from forces both internal and external, and with crown prince Aaditha Karikalan, his younger brother Arunmozhi Varman and the emperor, Sundara Cholar separated by situations, it is up to a messenger to ensure the safety of the kingdom. Can he succeed in his mission, especially with Karikalan's former girlfriend, Nandhini, plotting to bring down the entire Chola empire?","12.629","80","7.1","29500000","59000000"
"792358","Movie","Jana Gana Mana","Dijo Jose Antony","Prithviraj Sukumaran, Suraj Venjaramoodu, Mamta Mohandas, Vincy Aloshious, Shari","India","2022-04-28","2022","7.1","","Crime, Thriller, Drama","ml","Ramanagara wakes up to a series of events that shocks the entire Nation. In this crisis, two individuals with two different perspectives on law and justice intervene to define the truth.","12.532","51","7.1","0","0"
"894803","Movie","Sita Ramam","Hanu Raghavapudi","Dulquer Salmaan, Mrunal Thakur, Rashmika Mandanna, Sumanth, Gautham Vasudev Menon","India","2022-08-05","2022","7.8","","History, Romance, Drama","te","Afreen, a rebellious Pakistani student sets ablaze the car of an Indian in London. Angered Afreen returns to Pakistan to ask for money from her grandfather that she has to pay in a month's time as damages. However, she gets to know that he is no more and the only thing he has left for her is a letter-delivering task, written by Ram to Sita. As Afreen sets out to find Ram, there begins her journey of discovering the secret behind the 20-year-old letter.","12.489","76","7.8","3400000","11800000"
"653221","Movie","Hridayam","Vineeth Sreenivasan","Pranav Mohanlal, Darshana Rajendran, Kalyani Priyadarshan, Aswath Lal, Vijayaraghavan","India","2022-01-21","2022","6.9","","Romance, Drama","ml","Arun and Darshana are first-year engineering students and they fall in love soon after their college begins. And just as how things work generally in teenage, the road ahead isn't too easy for them. Life offers many twists and turns that they least expect.","10.648","47","6.9","0","0"
"634120","Movie","777 Charlie","Kiranraj K.","Rakshit Shetty, Raj B Shetty, Bobby Simha, Sangeetha Sringeri, Bhargavi Narayan","India","2022-06-10","2022","7.6","","Drama, Adventure, Comedy","kn","Dharma is stuck in a rut with his negative and lonely lifestyle and spends each day in the comfort of his loneliness. A pup named Charlie who is naughty and energetic which is a complete contrast with the Dharma’s character enters his life and gives him a new perspective towards it.","8.032","51","7.6","0","0"
"858485","Movie","Kantara","Rishab Shetty","Rishab Shetty, Sapthami Gowda, Kishore, Achyuth Kumar, Pramod Shetty","India","2022-09-30","2022","7.2","","Action, Adventure, Thriller","kn","Shiva, a tribal vagabond lives with his mother in hamlet, stays away from the traditional Daivaradhane and Bhoota Kola legacy due to an unforgettable childhood incident. He is happy loafing around with his friends and doing petty jobs for his landlord. When Forest officer Murali enters the scene, it gives a fresh dimension to the man-vs-nature fight. Can Shiva save the forest from Murali? Or is Murali just a dummy bait cast by bigger fish?","7.941","98","7.2","1934000","60447800"
"770906","Movie","Salaar: Part 1 - Ceasefire","Prashanth Neel","Prabhas, Prithviraj Sukumaran, Shruti Haasan, Easwari Rao, Jagapati Babu","India","2023-12-21","2023","6.8","","Action, Crime, Drama","te","Set in the fictional dystopian city-state of Khansaar, the film follows the friendship between Deva, a tribesman, and Varadha, the prince of Khansaar. When a coup d'état is planned by his father's ministers and his relatives, Varadha enlists Deva's help to become Khansaar's undisputed ruler.","29.668","81","6.8","34000000","87229100"
"1139698","Movie","Toby","Basil Alchalakkal","Raj B Shetty, Chaithra J Achar, Samyukta Hornad, Deepak Shetty, Gopalkrishna Deshpande","India","2023-08-25","2023","8.3","","Action, Thriller, Mystery, Drama","kn","An estranged man deemed to be a beast vows to break free from the evil world and transform himself for his foster daughter.","22.428","3","8.3","0","0"
"1034587","Movie","Amigos","Rajendra Reddy","Kalyan Ram, Ashika Ranganath, Brahmaji, Jayaprakash, Saptagiri","India","2023-02-10","2023","4.7","","Action, Thriller","te","Siddharth, a youngman who runs a family business is astonished to find his doppelgängers Manjunath and Michael on getdopple.com. After meeting up in Goa, they come down to Hyderabad to help Siddarth win over Ishika, a girl looking for superman to be her husband. But things take a drastic turn when NIA swings into action to nab Michael, aka Bipin Roy.","14.185","11","4.7","0","0"
"1068452","Movie","Hi Nanna","Shouryuv","Nani, Mrunal Thakur, Baby Kiara Khanna, Jayaram, Shilpa Tulaskar","India","2023-12-07","2023","7.7","","Drama, Family, Romance","te","Six-year-old Mahi, a spirited child with cystic fibrosis, shares a deep yet complex bond with her father, Viraj, a dedicated single parent and successful fashion photographer. Her curiosity about her absent mother leads to a journey of discovery when she runs away with her loyal dog, Pluto. A chance encounter with a kind woman named Yashna sparks unexpected revelations, intertwining their lives in ways they never anticipated. Set against a backdrop of love, sacrifice, and redemption, Mahi’s story is a heartfelt exploration of family, resilience, and the enduring power of connection.","12.05","45","7.7","7819000","9184966"
"949229","Movie","Leo","Lokesh Kanagaraj","Vijay, Sanjay Dutt, Arjun Sarja, Trisha Krishnan, Gautham Vasudev Menon","India","2023-10-18","2023","6.9","","Action, Crime, Thriller","ta","A mild-mannered man becomes a local hero through an act of violence, but it brings forth consequences with connection to a dangerous world, one which will shake his carefully constructed life to its very core.","11.716","92","6.9","42219285","71772785"
"997391","Movie","RDX: Robert Dony Xavier","Nahas Hidayath","Shane Nigam, Antony Varghese, Neeraj Madhav, Lal, Babu Antony","India","2023-08-25","2023","6.8","","Action, Drama","ml","Once-menacing, anger fueled, trained martial arts fighters Robert, Dony and Xavier settle down to peaceful lives, after a significant event prompts them. Fate orchestrates their reunion and return from exile to their fighting ways, when their history linger ominously and one of them faces a violent attack.","9.126","53","6.8","0","0"
"927342","Movie","Amaran","Rajkumar Periasamy","Sivakarthikeyan, Sai Pallavi, Rahul Bose, Bhuvan Arora, Lallu Prasath","India","2024-10-31","2024","7.44","","Action, Drama, Adventure, War","ta","A heroic true story of Major Mukund Varadarajan, an Indian Army officer who displayed extraordinary bravery during a counterterrorism mission in Kashmir’s Shopian district. The film captures his courage in protecting his nation and the devotion of his wife Indhu Rebecaa Varghese.","1780.289","175","7.44","21000000","0"
"811941","Movie","Devara: Part 1","Koratala Siva","N.T. Rama Rao Jr., Saif Ali Khan, Prakash Raj, Srikanth, Kalaiyarasan","India","2024-09-26","2024","7.1","","Action, Drama","te","Devara, a fearless man from a coastal region, embarks on a perilous journey into the treacherous world of the sea to safeguard the lives of his people. Unbeknownst to him, his brother Bhaira is plotting a conspiracy against him. As events unfold, Devara passes on his legacy to his mild-mannered and timid son, Varada.","455.223","168","7.1","24000000","54000000"
"1404380","Movie","Saptha Kandam","Prasanth Sasi","Sreelakshmi Aravindakshan","India","2024-12-06","2024","0.0","","Drama, Romance","ml","In a remote resort, newlyweds Apsara and her husband, Laalu, face a dangerous bet with the wealthy moneylender, Madhavan, who seeks to claim Apsara. Over the course of seven days, Madhavan attempts to seduce her through discussions of an ancient book on lust. Meanwhile, Apsara, determined to remain faithful, battles his advances. The outcome of the bet hinges on her ability to resist his manipulation and maintain her resolve.","72.802","0","0.0","0","0"
"857598","Movie","Pushpa 2 - The Rule","Sukumar","Allu Arjun, Rashmika Mandanna, Fahadh Faasil, Jagadeesh Bandari, Rao Ramesh","India","2024-12-04","2024","6.762","","Action, Drama, Thriller, Crime","te","As his smuggling empire grows, a brazen Pushpa longs for power and respect on his vengeful journey, while facing old rivals and new.","70.314","63","6.762","63000000","199000000"
"801688","Movie","Kalki 2898-AD","Nag Ashwin","Amitabh Bachchan, Prabhas, Deepika Padukone, Kamal Haasan, Saswata Chatterjee","India","2024-06-26","2024","6.4","","Drama, Action, Fantasy, Science Fiction","te","In the year 2898 AD, around 6000 years after Kurukshetra war, Ashwatthama gears up for his final battle of redemption at the sign of hope in a dystopian world and Bhairava, a wisecracking and self-interested bounty hunter, tired of the perilous life becomes the hurdle in the process.","52.383","115","6.4","75000000","141000000"
"1219158","Movie","Lover","Prabhuram Vyas","Manikandan, Sri Gouri Priya Reddy, Kanna Ravi, Harini Sundararajan, Harish Kumar","India","2024-02-07","2024","7.2","","Romance, Drama","ta","An alcoholic designer struggles to save his six-year relationship while facing personal challenges and misunderstandings. As their bond is tested, he begins to confront his past and question whether love alone is enough to hold them together.","43.669","10","7.2","0","0"
"1186350","Movie","Marco","Haneef Adeni","Unni Mukundan, Siddique, Ishan Shoukath, Jagadish, Abhimanyu Thilakan","India","2024-12-20","2024","6.6","","Action, Crime, Thriller","ml","The adoptive son of the Adattu family, Marco, sets off on a ruthless quest for vengeance after his brother is brutally murdered, finding only betrayal, loss and unimaginable brutality at every step.","34.38","21","6.6","3467987","11559958"
"927547","Movie","All We Imagine as Light","Payal Kapadia","Kani Kusruti, Divya Prabha, Chhaya Kadam, Hridhu Haroon, Azees Nedumangad","India, France, Luxembourg, Netherlands, Italy","2024-09-21","2024","6.9","","Drama","ml","In Mumbai, Nurse Prabha's routine is troubled when she receives an unexpected gift from her estranged husband. Her younger roommate, Anu, tries in vain to find a spot in the city to be intimate with her boyfriend. A trip to a beach town allows them to find a space for their desires to manifest.","32.33","117","6.9","0","3010117"
"1118224","Movie","Maharaja","Nithilan Saminathan","Vijay Sethupathi, Anurag Kashyap, Sachana Namidass, Natarajan Subramaniam, Abhirami","India","2024-06-14","2024","7.9","","Action, Thriller","ta","A barber seeks vengeance after his home is burglarized, cryptically telling police his ""Lakshmi"" has been taken, leaving them uncertain if it's a person or object, jeer at his request until they learn what they're really looking for.","31.634","128","7.9","0","10758542"
"622792","Movie","Kanguva","Siva","Suriya, Bobby Deol, Disha Patani, B. S. Avinash, Kovai Sarala","India","2024-11-14","2024","4.2","","Action, Thriller, Fantasy","ta","A bounty hunter in present day, learns about his previous life as a legendary warrior, when fate unites him with a mutant kid.","22.701","14","4.2","0","13885456"
"472221","Movie","The Goat Life","Blessy","Prithviraj Sukumaran, K R  Gokul, Jimmy Jean-Louis, Talib Al Balushi, Rik Aby","India","2024-03-28","2024","7.3","","Drama, Adventure","ml","Indian migrant worker Najeeb Muhammad goes to Saudi Arabia to earn money. However, in a twist of fate, he finds himself living a slave-like existence, herding goats in the middle of the desert.","22.487","35","7.3","9800000","19000000"
"1239511","Movie","Lucky Baskhar","Venky Atluri","Dulquer Salmaan, Meenakshi Chaudhary, Rajkumar Kasireddy, Ramki, Maganti Srinath","India","2024-10-30","2024","7.439","","Drama, Thriller, Crime","te","A cash-strapped bank cashier embarks on a risky investment scheme and soon gets drawn into the murky world of money laundering.","19.206","41","7.439","0","0"
"1084812","Movie","Aavesham","Jithu Madhavan","Fahadh Faasil, Hipster, Mithun Jai Sankar, Roshan Shanavas, Sajin Gopu","India","2024-04-11","2024","7.3","","Comedy, Action","ml","Three college freshmen in Bangalore befriend an eccentric gangster to get revenge on their senior bullies.","18.59","56","7.3","3400000","0"
"1149791","Movie","Premalu","Girish A. D.","Naslen, Mamitha Baiju, Sangeeth Prathap, Shyam Mohan, Akhila Bhargavan","India","2024-02-09","2024","7.7","","Romance, Comedy","ml","Sachin, a carefree graduate, crosses paths with Reenu, a spirited IT professional, in Hyderabad. As their friendship deepens, unspoken feelings, career ambitions and life choices challenge their bond.","15.878","39","7.7","380000","9000000"
"1069945","Movie","Manjummel Boys","Chidambaram","Soubin Shahir, Sreenath Bhasi, Balu Varghese, Ganapathi S Poduval, Lal Jr.","India","2024-02-22","2024","7.7","","Adventure, Thriller, Drama","ml","Manjummel Boys, based on a real story, is about a bunch of friends who set out on a trip to Kodaikanal and the events that occur there.","14.933","50","7.7","0","0"
"1093966","Movie","Vettaiyan","T. J. Gnanavel","Rajinikanth, Amitabh Bachchan, Fahadh Faasil, Rana Daggubati, Manju Warrier","India","2024-10-10","2024","6.1","","Action, Crime, Drama","ta","A sought-after Supercop gets caught in a series of unexpected events when he encounters a suspect who is accused of being involved in a murder case.","14.378","18","6.1","35500000","30745762"
"950075","Movie","Sookshmadarshini","MC Jithin","Nazriya Nazim Fahadh, Basil Joseph, Sidharth Bharathan, Deepak Parambol, Merin Philip","India","2024-11-22","2024","7.4","","Mystery, Thriller, Comedy","ml","Manuel returns with his mother to their former home in a middle-class neighbourhood. Suspicious of his intentions, Priyadarshini and her friends begin gathering clues, convinced he may be hiding something sinister.","13.907","15","7.4","0","0"
"1129608","Movie","The Greatest of All Time","Venkat Prabhu","Vijay, Prashanth, Prabhu Deva, Mohan, Ajmal Ameer","India","2024-09-05","2024","4.9","","Action, Drama, Thriller","ta","A once decorated member of the Special Anti-Terrorism Squad (SATS) is called back into action by his former colleagues for an important mission, setting him on a dangerous collision course with his own past.","13.457","22","4.9","36000000","47700000"
"869760","Movie","Hanu-Man","Prasanth Varma","Teja Sajja, Vinay Rai, Amritha Aiyer, Varalaxmi Sarathkumar, Vennela Kishore","India","2024-01-11","2024","6.4","","Fantasy, Action, Comedy, Science Fiction","te","In a small village, Hanumanthu, a petty thief, finds a mysterious gem, that gives him god-like powers. Will he succeed in keeping these powers from falling into the wrong hands and save his village?","13.027","25","6.4","4809416","0"
"861451","Movie","Martin","A. P. Arjun","Dhruva Sarja, Vaibhavi Shandilya, Anveshi Jain, Giorgia Andriani, Chikkanna","India","2024-10-11","2024","2.2","","Action, Drama, Thriller","kn","Martin revolves around Lt. Brigadier Arjun Saxena, whose journey takes him from Pakistan to India to discover his real identity and fight against black market dealers, who are involved with terrorists to orchestrate massive attacks in the country.","12.974","6","2.2","0","0"
"1166133","Movie","Bramayugam","Rahul Sadasivan","Arjun Ashokan, Mammootty, Sidharth Bharathan, Manikanda Achari, Amalda Liz","India","2024-02-15","2024","7.478","","Horror, Thriller, Drama","ml","Thevan, a folk singer of the Paanan caste, has a fateful encounter when escaping slavery, leading to discover an ancient tradition altering his destiny.","11.406","46","7.478","3300000","10000000"
"949716","Movie","Vidaamuyarchi","Magizh Thirumeni","Ajith Kumar, Arjun Sarja, Regina Cassandra, Trisha Krishnan, Aarav Kizar","India","2025-02-06","2025","6.0","","Action, Thriller","ta","Arjun and Kayal, an Indian couple living in Azerbaijan, set out on a journey to visit her parents. Their peaceful trip takes a terrifying turn when Kayal mysteriously disappears. With time running out, Arjun must navigate a web of danger and deception, facing a ruthless gang determined to keep him from uncovering the truth.","35.423","11","6.0","34303950","0"
"1202235","Movie","Daaku Maharaaj","Bobby Kolli","Nandamuri Balakrishna, Bobby Deol, Pragya Jaiswal, Shraddha Srinath, Vedha Agarwal","India","2025-01-12","2025","5.4","","Action","te","A man defends a beleaguered rural community from murderous drug-traffickers.","32.907","5","5.4","0","0"
"1290218","Movie","Painkili","Sreejith Babu","Sajin Gopu, Anaswara Rajan, Jisma Jiji, Roshan Shanavas, Chandu Salimkumar","India","2025-02-14","2025","6.5","","Romance, Comedy","ml","Tale of Suku, who fakes insanity to escape the law. While faking insanity, he falls in love.","20.041","3","6.5","0","0"
"1103756","Movie","Aghathiyaa","Pa. Vijay","Jiiva, Raashii Khanna, Arjun Sarja, Edward Sonnenblick, Matilda","India","2025-02-28","2025","0.0","","Fantasy, Horror, Adventure","ta","Things go awry when a haunted mansion is opened as a tourist attraction by Aghathiyan leading to the unraveling of the dark history behind the mansion's previous occupant.","18.416","0","0.0","0","0"
"1222049","Movie","Nilavuku En Mel Ennadi Kobam","Dhanush","Pavish Narayanan, Anikha Surendran, Priya Prakash Varrier, Mathew Thomas, Venkatesh Menon","India","2025-02-21","2025","6.0","","Romance, Drama","ta","All set to move on with his life, a boy unexpectedly reconnects with his past love.","18.372","1","6.0","1732368","0"
"811944","Movie","Game Changer","Shankar","Ram Charan, Anjali, Kiara Advani, S. J. Suryah, Srikanth","India","2025-01-09","2025","4.5","","Action, Drama","te","Ram, a newly appointed district collector, takes charge in a city in Andhra Pradesh and immediately confronts the deeply entrenched corruption and inefficiency plaguing the government. Determined to bring reforms, he initiates sweeping changes, sparking a fierce conflict with a powerful state Minister.","17.44","10","4.5","41000000","8800000"
"1208735","Movie","Thandel","Chandoo Mondeti","Naga Chaitanya Akkineni, Sai Pallavi, Sundip Ved, Prakash Belawadi, Kalpalatha","India","2025-02-07","2025","7.1","","Romance, Action, Drama, Thriller","te","Fisherman Raju is deeply in love with Satya. However, at one point, she urges him to stop going to the sea and look for other jobs. Ignoring her plea, Raju ventures out and accidentally drifts into Pakistani waters, where he is arrested.","16.7","10","7.1","6400000","20000000"
"1062715","Movie","Sabdham","Arivazhagan Venkatachalam","Aadhi Pinisetty, Lakshmi Menon, Redin Kingsley, Laila, Simran","India","2025-02-28","2025","0.0","","Thriller, Horror","ta","A paranormal investigator is employed by a university to investigate a series of mysterious deaths some are attributing to supernatural causes.","16.607","0","0.0","2500000","0"
"1151536","Movie","Machante Malakha","Boban Samuel","Soubin Shahir, Namitha Pramod, Dileesh Pothan, Manoj K U, Shanthi Krishna","India","2025-02-27","2025","0.0","","Family, Drama","ml","An over-affectionate wife and a husband, who tries hard to adjust with it.","13.547","0","0.0","0","0"
"1012180","Movie","Identity","Anas Khan, Akhil Paul","Tovino Thomas, Trisha Krishnan, Vinay Rai, Mandira Bedi, Shammi Thilakan","India","2025-01-02","2025","6.8","","Action, Thriller, Mystery","ml","A sketch artist and a cop work together to unravel the identity of an elusive killer using the descriptions of his face, etched into the memory of an eye-witness to the brutal crime","13.435","5","6.8","0","0"
"1273049","Movie","Dragon","Ashwath Marimuthu","Pradeep Ranganathan, Anupama Parameswaran, Kayadu Lohar, Mysskin, Gautham Vasudev Menon","India","2025-02-21","2025","10.0","","Romance, Comedy, Drama","ta","Ragavan, infamous for his reckless ways and academic struggles, turns to fraud after a heartbreaking breakup, chasing wealth and power. However, his deceit leads him into perilous territory. Can he find a way out, or will his choices seal his fate?","13.409","1","10.0","4273176","0"
"1232232","Movie","Kannappa","Mukesh Kumar Singh","Vishnu Manchu, Preity Mukhundhan, Akshay Kumar, Mohan Babu, Mohanlal","India","2025-04-10","2025","0.0","","Fantasy, History, Drama","te","An atheist hunter Kannappa becomes a devotee of Lord Shiva and plucked out his eyes in an act of devotion.","12.8","0","0.0","0","0"
"1211999","Movie","Kadhalikka Neramillai","Kiruthiga Udhayanidhi","Ravi Mohan, Nithya Menen, TJ Bhanu, John Kokken, Lal","India","2025-01-14","2025","6.2","","Romance, Drama, Comedy","ta","Does the idea of a perfect life leading to love, marriage and babies exist? Shriya finds it a challenge, especially when she meets men like Siddarth who think marriage is a recipe for disaster, and babies should be banned. When times are changing and relationships are evolving, the idea of love remains timeless- the more you resist it the more you will fall in love.","12.444","4","6.2","0","0"
"1290954","Movie","Rekhachithram","Jofin T. Chacko","Asif Ali, Anaswara Rajan, Manoj K Jayan, Zarin Shihab, Bhama Arun","India","2025-01-09","2025","7.0","","Mystery, Thriller","ml","Having recently served a suspension for gambling online while on duty, Circle Inspector Vivek Gopinath rejoins the police force and is looking to reclaim his lost honour. Awaiting him is a 40-year-old, unresolved murder mystery with a faceless victim.","12.103","11","7.0","2000000","0"
"1380920","Movie","Sankranthiki Vasthunam","Anil Ravipudi","Venkatesh, Aishwarya Rajesh, Meenakshi Chaudhary, Upendra Limaye, Sai Kumar","India","2025-01-14","2025","5.917","","Action, Comedy","te","An ex-cop's attempt to rescue a key figure becomes a hilarious juggling act between his wife and former lover.","11.656","6","5.917","0","0"
"627336","Movie","Empuraan","Prithviraj Sukumaran","Mohanlal, Prithviraj Sukumaran, Manju Warrier, Tovino Thomas, Indrajith Sukumaran","India","2025-03-27","2025","0.0","","Action, Crime, Thriller","ml","The film acts as  Stephen’s rise to power as the infamous Khureshi Ab’raam as well as the aftermath of his departure from Kerala politics at the end of Lucifer.","10.899","0","0.0","0","0"
"1393676","Movie","Kingston","Kamal Prakash","G. V. Prakash Kumar, Divyabharathi, Chetan, Elango Kumaravel, Sabumon Abdusamad","India","2025-03-07","2025","0.0","","Horror, Adventure","ta","","8.858","0","0.0","0","0"
"1418436","Movie","Mazaka","Trinadha Rao Nakkina","Sundeep Kishan, Rao Ramesh, Ritu Varma, Anshu, Murali Sharma","India","2025-02-26","2025","0.0","","Action, Comedy, Romance","te","The path to true love does not run smoothly when a father and son seek marriage at the same time.","8.666","1","0.0","0","0"
"1431043","Movie","Gentlewoman","Joshua Sethuraman","Lijomol Jose, Hari Krishnan, Losliya Mariyanesan","India","2025-03-07","2025","0.0","","Drama","ta","Errors spun by the threads of kinship, the lives of two women unfold, each tale revealed through her own eyes.In this story, the bond between a married woman and her kitchen becomes central to a dark tale of betrayal. Her husband’s mysterious disappearance reveals his affair with an unmarried client, sparking a tense investigation led by the client, who grows suspicious of the wife’s seemingly detached behaviour. While authorities suspect he fled due to financial troubles, the wife seems to know a deeper, nal truth about his fate. In her mind, men who leave women in anguish deserve no farewell.","7.702","0","0.0","0","0"
"1281091","Movie","Officer on Duty","Jithu Ashraf","Kunchacko Boban, Priyamani, Jagadish, Vishak Nair, Ramzan Muhammed","India","2025-02-20","2025","7.5","","Crime, Thriller","ml","A demoted police inspector investigates a counterfeit jewelry racket, becoming entangled in a dangerous web of crime that puts his life at stake.","7.601","1","7.5","0","0"
"942955","Movie","Aalambana","Pari K. Vijay","Vaibhav, Parvatii Nair, Munishkanth, Yogi Babu, Anandaraj","India","2025-03-07","2025","0.0","","Fantasy, Comedy","ta","A kind-hearted but struggling farmer faces financial difficulties and worries about his family's well-being. His life takes a fantastical turn when he accidentally unearths a magical lamp containing a genie.","7.54","0","0.0","0","0"
"1093537","Movie","Adhirshtasaali","Mithran Jawahar","R. Madhavan, Madonna Sebastian, Sai Dhanshika, Upasana Rai, Radikaa Sarathkumar","India","2025-03-07","2025","0.0","","Drama","ta","The life and achievements of GD Naidu.","7.5","0","0.0","0","0"
"1022453","Movie","The Raja Saab","Maruthi Dasari","Malavika Mohanan, Nidhhi Agerwal, Riddhi Kumar, Brahmanandam, Yogi Babu","India","2025-04-10","2025","0.0","","Horror, Comedy, Romance","te","","7.299","0","0.0","0","0"
"280951","Movie","Madha Gaja Raja","Sundar C","Vishal Krishna, Santhanam, Varalaxmi Sarathkumar, Anjali, Sonu Sood","India","2025-01-12","2025","3.0","","Action, Romance, Comedy","ta","Raja, a witty and fearless young man, becomes entangled in a conflict with a corrupt industrialist while trying to protect his family, friends and the woman he loves.","7.24","1","3.0","0","0"
"727121","Movie","Hari Hara Veera Mallu : Part 1 - Sword vs Spirit","Jyothi Krishna, Radha Krishna Jagarlamudi","Pawan Kalyan, Bobby Deol, Nidhhi Agerwal, Nassar, Sunil Varma","India","2025-03-28","2025","0.0","","Action, Drama","te","Set in the Mughal Era, outlaw Veera Mallu is tasked with the job of stealing the Koh-i-Noor diamond from the Mughals.","7.137","0","0.0","0","0"
"1198208","Movie","Veera Dheera Sooran: Part 2","S. U. Arunkumar","Vikram, S. J. Suryah, Suraj Venjaramoodu, Dushara Vijayan, Prudhviraj","India","2025-03-27","2025","0.0","","Action, Crime, Drama","ta","Kaali is a provision store owner and a loving husband and father, whose involvement in a dangerous crime network and his mysterious mission forms the rest of the story.","7.023","0","0.0","0","0"
"1431271","Movie","Niram Marum Ulagil","JB Britto","Bharathiraja, Rio Raj, Sandy, Aegan, Natarajan Subramaniam","India","2025-03-07","2025","0.0","","Drama","ta","","6.995","0","0.0","0","0"
"1209511","Movie","Love Insurance Kompany","Vignesh Shivan","Pradeep Ranganathan, S. J. Suryah, Krithi Shetty, Yogi Babu, Gouri G Kishan","India","2025-07-11","2025","0.0","","Science Fiction, Romance, Comedy","ta","Set 10 years into the future, both a father and son fall in love with the same call girl.","6.856","0","0.0","3000000","0"
"1437273","Movie","Manidham","J. Bruno Savio","Krishna Raju K., Madhunika Rajalakshmi, Kalaimamani Sellappa Jegashanmugam, Yatra Srinivassan, Lakshmi Narayanan","India","2025-03-07","2025","0.0","","Drama","ta","Manidham is an Emotional and Thought-provoking Dramathat Challenges Viewers to Reflect on Their Own Lives and the Impact of Their Choices.He Film Follows Krishnaraj, a Middle-aged Schoolteacher and Devoted Family Man,whose Sudden Death Forces Him to Confront the True Consequences of His Life Decisions, Even as His Restless Spiritremains Bound to His Home.","6.549","0","0.0","0","0"
"1439367","Movie","Asthram  – The Secret","Aravind Rajagopal","Shaam, Niranjani Ashokan, Ranjith D, Nizhalgal Ravi, Jeeva Ravi","India","2025-03-07","2025","0.0","","Thriller","ta","Asthram is a gripping crime thriller that delves into a series of puzzling suicides, where victims are found stabbed under eerily similar circumstances. Determined to uncover the truth, Inspector Akilan tasked himself to investigate the case. As the investigation unfolds, Akilan gathers crucial evidence that links each case, unraveling a web of secrets.","6.535","0","0.0","0","0"
"1123042","Movie","Address","Rajmohan","Esakki Bharath, Atharvaa Murali, Diya Mayurikha, Thambi Ramaiah, Devadarshini","India","2025-03-07","2025","0.0","","Drama, Action","ta","Address is an upcoming Indian Tamil-language action drama film written and directed by Rajamohan. The film features Esakki Barath in the lead role alongside Atharvaa in an extended cameo appearance. The film also features Pooja Jhaveri, Dhiya, Thambi Ramaiah, Devadarshini, A.","6.409","0","0.0","0","0"
"1259024","Movie","Good Bad Ugly","Adhik Ravichandran","Ajith Kumar, Trisha Krishnan, Arjun Das, Prasanna, Sunil Varma","India","2025-04-10","2025","0.0","","Action, Thriller","ta","Ajith Kumar’s 63rd film directed by Adhik Ravichandran","6.195","0","0.0","0","0"
"1213243","Movie","Toxic","Geethu Mohandas","Yash, Nayanthara, Huma Qureshi, Kiara Advani, Sudev Nair","India","2025-04-10","2025","0.0","","Action, Thriller","kn","Set in a bygone era, this gripping tale unfolds in the coastal paradise of Goa, where a powerful drug cartel pulls the strings behind a facade of sun-soaked beaches and vibrant culture.","6.101","0","0.0","0","0"
"1120762","Movie","Robinhood","Venky Kudumula","Nithiin, Sreeleela, Vennela Kishore, Rajendra Prasad","India","2025-03-28","2025","0.0","","Action","te","Robinhood - #VN2 Mythri Movie Makers starring Nithiin as lead actor. Directed by Venky Kudmula, Music by GV Prakash Kumar, Produced by Naveen Yerneni & Y. Ravi Shankar under Mythri Movie Makers Banner.","5.753","0","0.0","0","0"
"949380","Movie","Vanangaan","Bala","Arun Vijay, Roshini Prakash, Samuthirakani, Mysskin, Ridha","India","2025-01-10","2025","4.5","","Drama, Action","ta","The story is about one who bows down only to love but rises against injustices inflicted on those around him.","5.572","2","4.5","0","0"
"1199722","Movie","Get-Set Baby","Vinay Govind","Unni Mukundan, Nikhila Vimal, Meera Vasudevan, Punya Elizabeth Bose, Abhiram Radhakrishnan","India","2025-02-21","2025","0.0","","Drama","ml","A male gynecologist, once the sole man in his college class, works in a female-dominated field. He develops feelings for someone who initially dislikes him but slowly warms up, while facing career challenges.","5.52","0","0.0","0","0"
"1440249","Movie","Butterfly","Monish","Jayanth, Kamalesh, Logeshwaran, Sanjay","India","2025-02-28","2025","10.0","","","ta","In the Blur of Dreams follows a filmmaker as he directs a dream sequence, navigating the creative process while seamlessly blending the boundaries between his role behind the camera and within the story itself.","5.379","1","10.0","0","0"
